symbol,time,open,high,low,close,volume,ema_9,ema_21,pct_change,avg_volume,volume_surge,ema_crossover,momentum_up,rsi,macd,macd_signal,macd_hist,vwap_numerator,vwap_denominator,vwap,signal_score,buy_signal,short_signal
TSLA,2025-03-19 14:05:00-04:00,233.43,233.45,232.2,232.45,428765,233.36458001214203,233.47609546190347,-0.432622290756457,201859.35,True,False,False,41.31809943494777,-0.1470745374530793,-0.16658312471829675,0.019508587265217453,65704962203.68033,163969299,400.7150277789523,2,False,True
AAPL,2025-03-20 09:28:00-04:00,214.09,214.11,213.41,213.737,37915,214.24363163326885,214.26709711097882,-0.3417727421084593,4564.0,True,False,False,35.21028037383165,-0.031621374831388493,-0.03322426793985043,0.001602893108461935,221756437806.63217,828128418,267.7802536256305,3,True,True
GOOGL,2025-03-20 09:27:00-04:00,162.55,162.7,162.01,162.01,8267,162.34895508210008,162.38713453537906,-0.3322054752384007,1916.75,True,False,False,41.79774196661188,-0.030394047241713906,-0.002455185110196036,-0.02793886213151787,290441092156.70355,1204517836,241.1264353886276,1,False,True
AAPL,2025-03-24 09:30:00-04:00,221.0,221.03,219.6803,219.6803,1109078,220.44784227515765,220.46864965757575,-0.6280400617545645,62138.4,True,False,False,36.94655029623708,-0.015297174254158108,-0.005081427334987853,-0.010215746919170255,578287406580.9568,2262480608,255.59883454300828,2,False,True
GOOGL,2025-03-24 09:30:00-04:00,167.05,167.08,166.27,166.415,565000,166.99009245053753,167.04253856160483,-0.3562660918507876,30838.8,True,False,False,34.316353887403565,-0.01607829071855349,0.04228704756355543,-0.05836533828210892,638845060712.1742,2589566241,246.6996405025247,2,False,True
TSLA,2025-03-25 09:30:00-04:00,283.56,283.65,279.2,279.91,3161080,282.8005371980082,282.99435278703885,-1.2732787810383561,196685.45,True,False,False,28.80652849428381,-0.09026715492609583,0.11075624553719043,-0.20102340046328626,679623480507.3018,2689774153,252.66934762879393,2,False,True
NVDA,2025-03-25 09:32:00-04:00,120.8553,120.94,120.4249,120.4249,1345432,120.62191241726917,120.62727080968662,-0.36379551994546455,526655.75,True,False,False,44.94767121611223,-0.0011882504398386118,0.005989014967543623,-0.007177265407382235,732775728669.1012,2889490248,253.60034669655033,1,False,True
AMZN,2025-03-25 06:53:00-04:00,203.13,203.13,202.61,202.61,10407,203.023591808782,203.06479140375455,-0.3050730699207693,1232.35,True,False,False,36.36363636364213,-0.35832271029300955,-0.5338271094111856,0.17550439911817606,759815726731.1345,3055088298,248.70499724297477,3,True,True
META,2025-03-27 09:02:00-04:00,606.19,606.75,599.98,602.75,40344,606.0041779432997,606.3602209090827,-0.5920770524788121,2787.6,True,False,False,14.17797888386329,0.24194348680453004,0.8095107801829595,-0.5675672933784295,1040996975315.5144,4262172662,244.24092073900934,2,False,True
TSLA,2025-03-28 09:30:00-04:00,275.575,275.6,274.0,274.18,1143986,276.1971645401683,276.3779637618255,-0.4899647951221109,93495.9,True,False,False,29.901960784315023,-0.000807314847975249,0.30484525966503284,-0.3056525745130081,1114680877579.9336,4438093130,251.162119615082,2,False,True
META,2025-03-28 09:31:00-04:00,599.38,599.65,597.43,597.46,101551,599.4038792628437,599.4311948375006,-0.3884692975874793,44167.2,True,False,False,31.69976080002472,0.15210463407197494,0.3905605962773044,-0.23845596220532944,1188001296686.545,4844385245,245.23262222233626,2,False,True
TSLA,2025-03-31 07:00:00-04:00,251.88,252.19,250.62,250.66,55135,251.41263458445317,251.41472989298288,-0.4645991343366629,7970.75,True,False,False,44.51612903226004,0.002384553946427559,0.02411925341079638,-0.02173469946436882,1281425317252.034,5089831161,251.76185156606886,1,False,True
TSLA,2025-03-31 09:33:00-04:00,246.15,246.6,243.66,243.7934,1399282,247.49346038456815,247.94761402419041,-0.9418901595415141,425156.2,True,False,False,27.193499770658008,-0.3094474261290827,0.0037958131799653225,-0.313243239309048,1284605959041.06,5102640528,251.75317602562265,2,False,True
TSLA,2025-03-31 15:26:00-04:00,258.07,258.14,256.82,257.2732,473081,258.5398260244546,258.65071297224307,-0.3090238450161209,210942.9,True,False,False,37.46058440193465,-0.05704548462568937,0.04636080277751692,-0.10340628740320629,1310007003942.28,5203455164,251.7571426396709,2,False,True
AAPL,2025-03-31 09:25:00-04:00,216.9,216.94,215.5,216.24,75872,216.8373296056194,216.9124620330587,-0.4253931824733215,10089.65,True,False,False,32.96511627907324,-0.04426809605271842,0.007604489574276776,-0.0518725856269952,1314925413434.2502,5222612149,251.77542883134174,2,False,True
TSLA,2025-04-01 09:35:00-04:00,264.0475,264.0475,260.36,260.58,1114616,263.7639464775191,263.7969716368865,-1.2655350106092866,392255.0,True,False,False,38.17968344972784,0.07088678939811643,0.24273832147759847,-0.17185153207948203,1453433805781.0437,5846047982,248.6181793676978,2,False,True
MSFT,2025-04-01 09:30:00-04:00,374.65,374.77,373.23,373.48,470792,374.3172388773462,374.3280419561499,-0.3255938083800314,24429.45,True,False,False,32.36514522822144,0.04298398057886743,0.1173019171378949,-0.07431793655902746,1496768786764.5059,6012395242,248.94717105567588,2,False,True
META,2025-04-01 09:28:00-04:00,572.47,572.47,570.85,570.89,8194,573.5645215623272,573.888624660476,-0.45683597496120054,1683.6,True,False,False,25.338094959313167,-0.15903655536544647,0.13994283226732046,-0.29897938763276694,1527100009434.7446,6245610705,244.50771614891175,2,False,True
TSLA,2025-04-02 09:00:00-04:00,263.3575,263.3575,253.0,257.0,1028004,261.55377937489703,261.8571504790685,-2.3741690408357052,68286.05,True,False,False,18.784517120493206,-0.12736099843510829,0.18557252751114187,-0.3129335259462501,1594829380613.421,6422562310,248.3166847801934,2,False,True
TSLA,2025-04-02 12:52:00-04:00,282.6883,282.6883,276.74,277.45,1611560,281.4082481151978,281.8102845838983,-1.8466763363639727,413501.2,True,False,False,27.484397503601414,-0.21015071410135988,0.09612324758783247,-0.30627396168919235,1627908697834.9602,6545442854,248.70871752247066,2,False,True
TSLA,2025-04-03 08:01:00-04:00,267.67,269.65,264.28,264.6,481284,265.8932005201273,265.9903678439506,-1.1580127007844498,62525.5,True,False,False,39.637305699482496,-0.09002685821627665,-0.05148474762631364,-0.03854211058996301,1798058622853.516,7138347896,251.8872222326212,2,False,True
AAPL,2025-04-03 09:31:00-04:00,206.95,207.49,205.01,205.1,1318491,205.88124849612407,205.92175257861956,-0.9011185466141658,461035.25,True,False,False,42.22040909263481,-0.10698022334824486,-0.18772901679054835,0.08074879344230348,1836082068463.6172,7283084220,252.102270549278,2,False,True
AMZN,2025-04-03 09:25:00-04:00,181.99,181.99,181.04,181.42,78902,181.84586325090706,181.88664731029948,-0.3186813186813242,21472.5,True,False,False,40.05370996618326,-0.06045878903418611,-0.06184527332687681,0.0013864842926906984,1920427735279.135,7781858982,246.78264405988628,2,False,True
TSLA,2025-04-04 06:05:00-04:00,264.6,264.81,263.67,263.67,12755,264.44665840108917,264.44989900291546,-0.43049733771383103,4681.9,True,False,False,36.07594936708969,-0.03425337060622269,-0.0490181736108262,0.014764803004603512,2093977593329.9185,8232670230,254.3497473880863,3,True,True
AAPL,2025-04-04 15:47:00-04:00,190.39,190.4,189.77,189.81,705173,190.64520897146787,190.65584236121865,-0.30987394957983083,337915.3,True,False,False,31.125286228329813,0.11272093331459132,0.2792347809378441,-0.16651384762325278,2157840071556.9277,8515403668,253.40431947646428,2,False,True
MSFT,2025-04-04 11:25:00-04:00,369.93,369.93,367.2,367.93,218895,369.5628202068694,369.7620430198441,-0.5567718046433745,97411.15,True,False,False,34.96376811594216,-0.01949343927111613,0.27613642529246435,-0.2956298645635805,2169251644866.906,8557397660,253.49431346479065,2,False,True
NVDA,2025-04-04 06:06:00-04:00,101.8,101.9,101.25,101.45,76889,101.87726745716846,101.92923790859035,-0.3340210236762009,12842.05,True,False,False,30.645161290325518,-0.048536866862747274,-0.01880470224966272,-0.029732164613084554,2179536222561.5356,8586935560,253.82002780064366,2,False,True
META,2025-04-04 06:10:00-04:00,522.04,522.21,521.31,521.31,2611,523.626488522621,523.9237029138385,-0.34219078570064676,1242.9,True,False,False,31.499312242090895,1.042887134376997,2.092391341197469,-1.049504206820472,2229977820109.4507,9115577690,244.63373534249925,2,False,True
META,2025-04-04 09:25:00-04:00,509.2,509.2,506.11,506.2,16045,509.24130120498717,509.61645327854126,-0.6769351515746092,5676.05,True,False,False,27.28689229524001,-0.04670130663424743,0.4400490152634509,-0.48675032189769835,2230795190026.4834,9117188620,244.68016216456027,2,False,True
QQQ,2025-04-07 08:45:00-04:00,412.38,412.58,410.39,410.65,105556,412.55343840390464,412.673223714113,-0.4484848484848536,45604.05,True,False,False,23.89570940387408,0.1038683186010303,0.45245623343638397,-0.3485879148353537,2283683762764.508,9348694251,244.27836673771094,2,False,True
TSLA,2025-04-07 08:03:00-04:00,223.88,224.23,215.09,216.2,471953,223.08060942181137,223.8696837885806,-3.4088370638431065,167292.75,True,False,False,26.62538699690421,-0.6823517794775853,-0.3047801475186943,-0.377571631958891,2469865987129.643,9750315665,253.3113872400605,2,False,True
AAPL,2025-04-07 13:02:00-04:00,179.119,179.1698,177.74,177.76,430508,178.12467839520372,178.144400131013,-0.7149240393208189,199277.15,True,False,False,47.58260297082711,-0.037382722030173454,-0.07376468278905322,0.03638196075887977,2528497615596.8516,10028803688,252.12355274461441,2,False,True
NVDA,2025-04-07 11:14:00-04:00,97.23,97.51,94.24,94.7001,3200820,96.39473267665379,96.45847388551803,-2.6010731355119,1552992.35,True,False,False,32.16464524395445,0.12337380958474853,0.38303536611570455,-0.259661556530956,2587989734145.8228,10472413945,247.1244688891853,2,False,True
META,2025-04-07 08:01:00-04:00,490.0298,490.0298,471.5,471.5,16779,484.9732295016011,486.6883214078442,-4.3280450313586964,6276.6,True,False,False,25.47547845112055,-1.5816364300488885,-1.002408557627198,-0.5792278724216906,2615611958893.37,10754594398,243.20879636146833,2,False,True
GOOGL,2025-04-07 08:01:00-04:00,142.4,142.6,137.01,142.02,186919,142.12002910653936,142.1310277720963,-0.371799368642578,16878.15,True,False,False,48.71794871794991,-0.040198306339391365,-0.07236178074886991,0.032163474409478546,2653445167229.363,10903911746,243.34800473809364,2,False,True
SPY,2025-04-08 08:00:00-04:00,518.0,518.66,509.04,509.04,233871,515.6251492077881,515.8221220838391,-1.771448419590138,34266.25,True,False,False,22.713414634147185,0.1464950819193973,0.6608669176727026,-0.5143718357533053,2706533829820.0903,11076673023,244.34537556540187,2,False,True
TSLA,2025-04-08 05:54:00-04:00,237.56,237.56,237.0,237.0,17624,237.65873526268572,237.7285737805159,-0.3196500672947522,4243.15,True,False,False,37.50000000000127,-0.07913682897796548,-0.03969836925386078,-0.0394384597241047,2784885997652.4995,11231344950,247.9565902436733,2,False,True
TSLA,2025-04-08 08:00:00-04:00,237.16,241.1987,234.6,234.6,394799,239.4804358438525,239.8006705129947,-2.594976126219639,35833.45,True,False,False,17.105263157895124,-0.04576922155843022,0.39525060794711103,-0.44101982950554125,2785286253070.939,11233029995,247.9550267657715,2,False,True
NVDA,2025-04-08 11:50:00-04:00,102.505,102.58,101.97,102.0299,1903885,102.82675899154839,102.8764420028329,-0.45931393639262463,950293.55,True,False,False,42.85714285714389,-0.025774843478714615,0.04314835809742831,-0.06892320157614293,2881283647517.959,11775661249,244.68126134000673,1,False,True
QQQ,2025-04-09 07:00:00-04:00,416.39,416.82,409.97,410.39,140806,416.47551969265123,416.76632193246564,-1.4527903179329615,30708.95,True,False,False,29.93585174625828,0.030304588203307503,0.5871830808183922,-0.5568784926150847,2944551390379.9023,12194329715,241.46890064468806,2,False,True
SPY,2025-04-09 07:00:00-04:00,494.72,494.99,487.5,489.19,424826,495.03746315206405,495.21864805744974,-1.1138063472811766,41906.2,True,False,False,31.024531024531356,0.13527902322516638,0.6719372667582248,-0.5366582435330585,3005258083452.908,12331175416,243.71221575142891,2,False,True
SPY,2025-04-09 13:18:00-04:00,503.09,503.3,497.56,499.93,2350694,502.0353436258332,502.0919592851016,-0.6221921838349243,439117.95,True,False,False,23.529906070848796,0.1264703956918538,0.36165674475345955,-0.23518634906160574,3041765028892.407,12404523958,245.21416857199858,2,False,True
TSLA,2025-04-09 07:00:00-04:00,227.31,227.75,222.0,225.47,220465,227.84267827840398,227.90480310689088,-0.7963745160154856,22705.9,True,False,False,35.04531722054439,0.11948833550928839,0.4147134455761704,-0.295225110066882,3119826811186.9985,12552327112,248.54569063966235,2,False,True
TSLA,2025-04-09 08:01:00-04:00,220.87,232.22,217.21,218.67,256785,219.82395144263782,219.9585849321022,-0.9153110698264633,76827.5,True,False,False,51.0638297872344,-0.23548418875148514,-0.2964198361981057,0.060935647446620556,3120461147776.938,12555201767,248.53930710844767,2,False,True
AAPL,2025-04-09 07:00:00-04:00,176.07,176.37,171.0,171.15,172472,175.50246965354387,175.83461983474982,-2.7667310532894063,14242.35,True,False,False,17.548387096774675,-0.08657476061355851,0.3319634879150972,-0.41853824852865573,3172245818797.724,12763444785,248.54150836503376,2,False,True
NVDA,2025-04-09 07:00:00-04:00,98.18,98.31,96.0,96.38,423079,98.22901748893855,98.38160993471152,-1.80336220071321,49106.25,True,False,False,26.69789227166369,-0.05736163091088997,0.1220307927342042,-0.17939242364509417,3224938900410.3457,12999093553,248.0895215702234,2,False,True
NVDA,2025-04-09 08:00:00-04:00,97.53,99.92,93.25,93.92,2041575,95.35107726785493,95.50047652429896,-1.9317113918763673,174270.4,True,False,False,40.09546539379554,-0.14863446001123748,-0.09546051567553578,-0.0531739443357017,3225571497005.6025,13005735303,248.01146739174126,1,False,True
META,2025-04-09 07:00:00-04:00,515.19,515.19,506.8,507.27,12039,514.2012645168095,514.4459811780978,-1.4531325886352642,1691.45,True,False,False,35.48895899053633,0.1723193180727094,0.6899800831415678,-0.5176607650688584,3288283062331.9233,13592736453,241.9147221534027,2,False,True
META,2025-04-09 09:30:00-04:00,509.265,509.88,504.96,506.71,416112,508.5581694011585,508.56771234749675,-0.4577243438629641,23484.2,True,False,False,36.25615763546844,0.3139785287250447,0.6973335984628897,-0.38335506973784494,3288717285573.343,13593594653,241.93139265393268,2,False,True
META,2025-04-09 11:55:00-04:00,508.56,508.78,505.9,506.71,132030,508.5339139919868,508.7390543858135,-0.3637722196004445,32766.0,True,False,False,49.63254507447097,-0.21994405804372263,-0.18642075627446975,-0.03352330176925289,3293119731635.862,13602210530,242.1018057596453,1,False,True
GOOGL,2025-04-09 13:18:00-04:00,146.865,146.92,144.8,145.76,382628,146.43104753299838,146.43253448170856,-0.7557704092054252,102773.15,True,False,False,28.125000000001265,0.024337653316052865,0.05773446284209023,-0.033396809526037366,3333093875761.979,13766441410,242.11731823017138,2,False,True
TSLA,2025-04-10 08:00:00-04:00,263.14,264.6595,258.0392,262.16,330257,263.15125162699167,263.187036516636,-0.4858791375645155,22152.95,True,False,False,35.90504451038632,0.034690297246470436,0.1404317199305585,-0.10574142268408807,3468695289342.0347,14076065189,246.4250657245258,2,False,True
AAPL,2025-04-10 09:28:00-04:00,189.34,190.69,188.8801,189.0,121343,190.3472979207607,190.4014892464469,-0.9537784299339602,24328.8,True,False,False,42.85685939918322,-0.06590173145031031,-0.04950508283364667,-0.016396648616663637,3513870172804.5474,14256905863,246.46793677188126,1,False,True
META,2025-04-10 09:35:00-04:00,572.535,573.16,568.02,568.945,259301,574.4504854913689,575.026779226124,-0.6348457857417333,97955.8,True,False,False,39.38885568843749,-0.08833076738426371,0.7436736100560685,-0.8320043774403322,3597219648664.895,14842909939,242.3527235190681,2,False,True
TSLA,2025-04-11 07:02:00-04:00,252.82,252.82,252.0,252.18,19304,252.34172654800716,252.34793133008637,-0.3044079857679294,8744.35,True,False,False,49.32126696832641,-0.05061838082463055,-0.11996145248617192,0.06934307166154137,3700871961836.2827,15124527930,244.69338672683338,2,False,True
TSLA,2025-04-11 14:51:00-04:00,248.47,248.485,247.51,247.53,271548,248.49066457514962,248.606872178402,-0.37855585328807617,130912.75,True,False,False,29.26717862342737,-0.0778992213651577,0.004618852750518987,-0.08251807411567669,3726829667914.103,15229093866,244.71775541646025,2,False,True
META,2025-04-11 10:00:00-04:00,540.82,541.525,538.3,538.345,179206,541.5022256880706,541.9161744590002,-0.5771326204591198,78168.9,True,False,False,30.775862068965893,-0.05641744573244978,0.564455012793121,-0.6208724585255708,3792602782822.2197,15665355897,242.10128437289598,2,False,True
GOOGL,2025-04-11 09:28:00-04:00,153.7,153.85,152.94,153.02,20827,153.6616899562294,153.67141038864705,-0.623457591895038,4037.1,True,False,False,48.61768139092054,-0.041710069377529635,-0.07624720775534759,0.03453713837781795,3809302578927.9507,15729413765,242.17702171482998,2,False,True
AAPL,2025-04-14 09:32:00-04:00,210.49,211.1197,209.33,209.3302,1542176,211.02701753038247,211.06167991066724,-0.5745704258432682,640255.8,True,False,False,40.03896374289906,0.05625272927468927,0.20957593454174456,-0.15332320526705528,3897700852436.368,15986349186,243.81431977288278,1,False,True
NVDA,2025-04-14 09:28:00-04:00,115.02,115.03,114.24,114.34,488957,115.02291333510365,115.07601365850441,-0.6084840055632812,106783.5,True,False,False,21.015415976559723,0.003222146331467002,0.09071344567612392,-0.08749129934465692,3924453826329.008,16106060027,243.66318142053996,2,False,True
META,2025-04-14 07:42:00-04:00,550.01,550.69,546.0,547.41,14568,553.0652078220605,553.4137292188805,-0.6515426497277765,3085.85,True,False,False,20.75796726959527,0.8942403247367565,2.0883451668691784,-1.1941048421324219,3952294658327.964,16355254293,241.6529017234256,2,False,True
AMZN,2025-04-15 09:25:00-04:00,181.43,181.47,180.9014,181.05,21986,181.57817761092548,181.6210737485629,-0.3193305070748109,3416.15,True,False,False,29.682006406753743,-0.019948678603441294,0.024926363148445686,-0.04487504175188698,4084172139273.5767,16899863540,241.66894185901674,2,False,True
QQQ,2025-04-16 13:31:00-04:00,448.11,448.11,446.25,446.65,288227,448.255895289539,448.4200791719084,-0.33248538403177763,61902.3,True,False,False,30.39995455061971,-0.10791079774571699,0.016062186379528012,-0.123972984125245,4105226091765.815,16989273241,241.63635686656238,2,False,True
SPY,2025-04-16 13:31:00-04:00,530.42,530.45,528.38,528.81,544649,530.6134822972626,530.841638246492,-0.3030631530822503,110960.95,True,False,False,27.398904644008255,-0.1522652175104895,0.009997064344032264,-0.16226228185452177,4133793260309.7905,17047409566,242.48805921542382,2,False,True
TSLA,2025-04-16 08:00:00-04:00,248.2,250.67,245.0,248.4,334776,249.5987037852364,249.66462388727598,-0.5763688760806907,23681.65,True,False,False,29.729729729730693,0.04062308444756013,0.19827030548058153,-0.1576472210330214,4155024151930.5024,17088814958,243.14290734275633,2,False,True
TSLA,2025-04-16 13:31:00-04:00,245.7,245.7599,244.64,244.84,807292,245.91575550064618,246.02109181801305,-0.3500203500203414,169224.55,True,False,False,29.585038545732104,-0.0653982465239551,0.025680831100112572,-0.09107907762406767,4167576294935.0537,17139331530,243.15862538981145,2,False,True
AAPL,2025-04-16 13:31:00-04:00,197.18,197.225,196.15,196.41,409914,197.33345626705247,197.40579716841646,-0.3955575840559833,82382.9,True,False,False,32.00193825280495,-0.015587862789232076,0.07906653599363829,-0.09465439878287037,4187530713027.056,17227957083,243.06600561242274,2,False,True
MSFT,2025-04-16 13:31:00-04:00,376.64,376.64,374.9,375.415,140131,376.72874297962375,376.8830144427682,-0.34112025484469566,30871.1,True,False,False,32.45109321058814,-0.12237064136513709,-0.03734935385304531,-0.08502128751209179,4196500438435.5596,17266041791,243.0493618185845,2,False,True
NVDA,2025-04-16 07:00:00-04:00,105.79,105.81,105.07,105.12,275778,105.59477283651727,105.63097115377356,-0.6333301824369086,23125.25,True,False,False,29.661016949156974,-0.030901575024046224,-0.012453225376055716,-0.018448349647990508,4202112550629.3457,17286130994,243.09156005400487,2,False,True
META,2025-04-16 08:00:00-04:00,511.2,514.93,506.0,509.75,197264,512.646093017632,512.7031223145234,-0.7090126414616593,10750.05,True,False,False,43.21663019693675,0.3350319340831902,0.6478605735723876,-0.31282863948919737,4242493878352.616,17673890241,240.04301376223626,1,False,True
AMZN,2025-04-16 08:00:00-04:00,177.66,178.0,176.0,176.14,81237,177.47089235853247,177.58554101736775,-0.8834618198188204,4915.9,True,False,False,25.000000000001776,-0.08713615632632354,0.0021035671620249323,-0.08923972348834848,4251849448107.155,17692605674,240.31787778752226,2,False,True
TSLA,2025-04-17 09:30:00-04:00,243.48,243.88,242.0734,242.46,1282924,243.15855022419288,243.20726421059467,-0.4189255791030022,74983.8,True,False,False,41.92242431458925,-0.050604179649610614,-0.030239113276775677,-0.020365066372834938,4322437652084.294,17887967060,241.6394013688604,1,False,True
MSFT,2025-04-17 09:25:00-04:00,372.51,372.51,370.5,371.52,16488,372.4875797538135,372.54596034783725,-0.39678284182306234,2495.5,True,False,False,44.0060861279315,-0.0858964909850215,-0.10870839705976651,0.02281190607474501,4352341608883.6904,18021819990,241.50399966810957,2,False,True
GOOGL,2025-04-17 09:27:00-04:00,154.47,154.47,154.1,154.1,3869,154.5345600850457,154.55930192607715,-0.31696746231969497,1926.8,True,False,False,41.12302752920241,-0.02823459281572127,-0.02311993421052653,-0.005114658605194743,4406034708030.596,18399178097,239.46910480468708,1,False,True
